title(M),owner(O),backlog_score(O),Backlog_size(O),team_list(O),product_parent(O),BL_STATUS(O),created_by(O),created_dt(O),updated_by(O),updated_dt(O),organization_name(O)
None_test,,,,,,,,,,,
Backlog One for P1 (example)_test,,,,,,,,,,,
Backlog Two for P1 (example)__test,,,,,,,,,,,
Backlog for P2 (example)_test,,,,,,,,,,,
FlexTeam BL 1 (example)_test,,,,,,,,,,,
FlexTeam BL 2 (example)_test,,,,,,,,,,,
Ticket Masters BL (example)_test,,,,,,,,,,,
Mmasters API Pilot (example)_test,,,,,,,,,,,
Mmasters Phone ID (example)_test,,,,,,,,,,,
