role_id(O),title(M),description(O),use(O),create_by(O),create_dt(O),update_by(O),update_dt(O),organization_name(O)
,QA Tester_test,,,,,,,
,Developer_test,,,,,,,
,Product Owner_test,,,,,,,
,Scrum Master_test,,,,,,,
,Product Manager_test,,,,,,,
,Business Owner_test,,,,,,,
,Role J (Broker)_test,,,,,,,
,Role J (Seller)_test,,,,,,,
,Role J (Buyer)_test,,,,,,,
,Role J (Participant)_test,,,,,,,
,Role J (Consumer)_test,,,,,,,
,Role I (Trainer)_test,,,,,,,
,Role H (Member)_test,,,,,,,
,Role G (Visitor)_test,,,,,,,
,Role F (Applicant)_test,,,,,,,
,Role E (Staff)_test,,,,,,,
,Role D (Analyst)_test,,,,,,,
,Role C (Admin)_test,,,,,,,
,Role B (Agent of Record)_test,,,,,,,
,Role A (Customer Service Rep)_test,,,,,,,
,Eagle_test,,,,,,,
